filename,company,title,job_id,folder
acres--gtm-engineer.md,Acres,GTM (Go To Market) Engineer,4372050804,JDs
aion--gtm-engineer.md,Aion,GTM Engineer,4374135281,JDs
apollo--gtm-engineer-success-architect.md,Apollo,"Go-To-Market Engineer (Success Architect), Managed",4376504106,JDs
arda--gtm-engineer.md,Arda,GTM Engineer,4373078501,JDs
atmosphere--gtm-engineer.md,Atmosphere,GTM Engineer (Go-to-Market Systems & Automations),4378379799,JDs
august--full-stack-gtm-engineer.md,August,Full-Stack GTM Engineer,4376364453,JDs
axial--gtm-engineer.md,Axial,GTM Engineer,4371200255,JDs
beacon-biosignals--senior-go-to-market-engineer.md,Beacon Biosignals,Senior Go-To-Market Engineer (Sr. Revenue Operations Manager),4374176568,JDs
birdy--gtm-engineer.md,Birdy,GTM Engineer,4377564620,JDs
bland--platform-engineer-gtm.md,Bland,Platform Engineer (GTM),4374495603,JDs
built--gtm-engineer.md,Built,GTM Engineer,4375057545,JDs
ceros--senior-gtm-engineer.md,Ceros,Senior GTM Engineer,4342879326,JDs
chainalysis--gtm-engineer-revenue-automation-specialist.md,Chainalysis,GTM Engineer - Revenue Automation Specialist,4334147581,JDs
clay--gtm-engineer-gtm-ops.md,Clay,GTM Engineer (GTM Ops),4264924235,JDs
confluent--gtm-systems-ai-engineer.md,Confluent,GTM Systems & AI Engineer,4372755792,JDs
connery-consulting--gtm-engineer.md,Connery Consulting,GTM Engineer,4374645313,JDs
cube--gtm-engineer.md,Cube,GTM Engineer,4373494741,JDs
decagon--gtm-engineer.md,Decagon,GTM Engineer,4375611716,JDs
divisions-maintenance-group--gtm-engineer.md,Divisions Maintenance Group,GTM Engineer,4357589148,JDs
domestique--senior-gtm-engineer-ai-gtm-architect.md,Domestique,Senior GTM Engineer | AI GTM Architect,4373359282,JDs
doorloop--go-to-market-engineer.md,DoorLoop,Go-To-Market Engineer,4353846708,JDs
dualentry--gtm-engineer.md,DualEntry,GTM Engineer,4376513490,JDs
engine--founding-gtm-engineer.md,Engine,Lead GTM Engineer (Remote),4376128851,JDs
finout--gtm-engineer.md,Finout,GTM Engineer,4362472658,JDs
flagler-health--gtm-engineer.md,Flagler Health,GTM Engineer,4378627592,JDs
g2--gtm-engineer.md,G2,GTM Engineer,4367901047,JDs
gather-ai--gtm-engineer.md,Gather AI,GTM Engineer,4375262554,JDs
glean--gtm-engineer.md,Glean,GTM Engineer,4354931594,JDs
glimpse--gtm-engineer.md,Glimpse,GTM Engineer,4375618473,JDs
gong--gtm-engineer.md,Gong,GTM Engineer,4375441863,JDs
grafana-labs--staff-gtm-engineer-ai-automation.md,Grafana Labs,Staff GTM Engineer (AI & Automation),4374453125,JDs
hackerrank--gtm-engineer-demand-generation.md,HackerRank,GTM Engineer - Demand Generation,4351756736,JDs
hearth--gtm-engineer.md,Hearth,GTM Engineer,4376738107,JDs
instawork--gtm-engineer.md,Instawork,GTM Engineer,4358440047,JDs
jampack--founding-engineer-gtm.md,Jampack,Founding Engineer - GTM,4377193480,JDs
jump--technical-gtm-engineer.md,Jump,Technical GTM Engineer,4378627612,JDs
jungle-scout--gtm-engineer.md,Jungle Scout,GTM Engineer,4375742117,JDs
klarity--gtm-engineer.md,Klarity,GTM Engineer,4372535099,JDs
lighthouse--gtm-engineer.md,Lighthouse,GTM Engineer,4372997761,JDs
listen-labs--lead-gtm-engineer.md,Listen Labs,Lead GTM Engineer,4371270368,JDs
liveflow--gtm-engineer.md,LiveFlow,GTM Engineer,4373889776,JDs
mumba-technologies--gtm-marketing-engineer.md,Mumba Technologies,GTM Marketing Engineer,4371014387,JDs
netrise--gtm-engineer.md,NetRise,Go To Market (GTM) Engineer / Outbound Pipeline Development,4371534632,JDs
nooks--gtm-engineer.md,Nooks,GTM Engineer (Hybrid),4372336729,JDs
ontra--staff-gtm-engineer-marketing-operations.md,Ontra,"Staff GTM Engineer, Marketing Operations",4364268980,JDs
pandadoc--gtm-engineer.md,PandaDoc,GTM Engineer,4369211319,JDs
parabola--gtm-engineer.md,Parabola,GTM Engineer,4363219557,JDs
payabli--gtm-engineer.md,Payabli,GTM Engineer,4369699444,JDs
pitchbook--growth-marketing-lead.md,PitchBook,Growth Marketing Lead,4361896513,JDs
posh--gtm-engineer.md,Posh,GTM Engineer,4368410943,JDs
profound--gtm-engineer.md,Profound,GTM Engineer,4374596733,JDs
proof--gtm-engineer.md,Proof,GTM Engineer,4374143552,JDs
quzara--gtm-engineer.md,Quzara,GTM Engineer,4375274933,JDs
redis--experienced-gtm-engineer.md,Redis,Experienced GTM Engineer,4378686304,JDs
redis--gtm-engineer.md,Redis,GTM Engineer,4367167274,JDs
redwood-software--gtm-engineer.md,Redwood Software,GTM Engineer,4362661726,JDs
remotehunter--go-to-market-gtm-engineer.md,RemoteHunter,Go-To-Market (GTM) Engineer,4377948815,JDs
retell-ai--senior-gtm-engineer.md,Retell AI,Senior GTM Engineer,4375286010,JDs
rippling--data-engineer-gtm-team.md,Rippling,Data Engineer - GTM Team,4344302519,JDs
root-layer--gtm-engineer.md,Root Layer,GTM Engineer,4371310736,JDs
rula--gtm-engineer-remote.md,Rula,GTM Engineer (Remote),4331966688,JDs
rutter--lead-gtm-growth-engineer.md,Rutter,Lead GTM/Growth Engineer,4377473623,JDs
sapien--gtm-engineer.md,Sapien,GTM Engineer,4370903969,JDs
sentilink--gtm-engineer.md,SentiLink,Go-To-Market (GTM) Engineer,4375036873,JDs
shipbob--gtm-engineer.md,ShipBob,GTM Engineer,4371716149,JDs
snowflake--senior-manager-marketing-operations-gtm-engineer.md,Snowflake,Senior Manager Marketing Operations GTM Engineer,4343019577,JDs
solv--gtm-engineer.md,Solv,GTM Engineer,4376987900,JDs
sparrowbid--gtm-engineer.md,SparrowBid,GTM Engineer,4377405556,JDs
startup-resources--gtm-engineer-b2b-saas-austin-tx.md,Startup Resources,GTM Engineer - B2B SaaS - Austin TX,4377175134,JDs
stealth-enterprise-ai--founding-gtm-engineer.md,Stealth (via Eagle Search),Founding GTM Engineer - GTM Systems & Clay Architecture,4378377563,JDs
stealth-gtm-ai--sr-gtm-engineer.md,Stealth Startup (GTM AI),Sr GTM Engineer,4377281529,JDs
sumble--gtm-engineer.md,Sumble,GTM Engineer,4375461136,JDs
super-ai--gtm-engineer.md,Super.AI,GTM Engineer,4374277981,JDs
talentpluto--go-to-market-engineer-2.md,TalentPluto,Go To Market Engineer,4376521203,JDs
talentpluto--go-to-market-engineer-3.md,TalentPluto,Go To Market Engineer,4376514333,JDs
talentpluto--go-to-market-engineer.md,TalentPluto,Go To Market Engineer,4376893862,JDs
talentpluto--gtm-engineer.md,TalentPluto,GTM Engineer,4376515279,JDs
tandem--gtm-engineer.md,Tandem,GTM Engineer,4374611221,JDs
tapcheck--gtm-engineer.md,Tapcheck,GTM Engineer,4370891715,JDs
tempo-software--gtm-engineer.md,Tempo Software,GTM Engineer,4371224247,JDs
traversal--go-to-market-engineer.md,Traversal,Go-To-Market Engineer,4377017226,JDs
vanta--gtm-engineer-ai.md,Vanta,"GTM Engineer, AI",4354851144,JDs
wrapbook--gtm-engineer-pre-sale.md,Wrapbook,GTM Engineer (Pre-Sale),4365140304,JDs
xbow--senior-gtm-engineer.md,XBOW,Senior GTM Engineer,4363458204,JDs
xpander-ai--founding-gtm-engineer.md,xpander.ai,Founding GTM Engineer,4374659504,JDs
zip--gtm-engineer.md,Zip,GTM Engineer,4313484311,JDs
clay--gtm-engineer-manager-sales.md,Clay,GTM Engineer Manager (Sales),4320122892,Dream
fivetran--staff-systems-engineer-gtm.md,Fivetran,"Staff Systems Engineer, GTM",4300971751,Dream
harper--gtm-engineer.md,Harper,GTM Engineer,4358168735,Dream
notion--data-engineer-go-to-market.md,Notion,"Data Engineer, Go-To-Market",4339054526,Dream
openai--salesforce-engineer-gtm-systems.md,OpenAI,Salesforce Engineer (GTM Systems),4355413078,Dream
ramp--senior-software-engineer-gtm-platform-frontend.md,Ramp,"Senior Software Engineer | GTM Platform, Frontend",4378696317,Dream
tempo-software--principal-gtm-data-engineer-and-architect.md,Tempo Software,Principal GTM Data Engineer & Architect,4379053059,Dream
wiz--lead-gtm-systems-engineer.md,Wiz,Lead GTM Systems Engineer,4373151562,Dream
